{
  "project_info": {
    "project_number": "873500250535",
    "project_id": "ayurveda-divine",
    "storage_bucket": "ayurveda-divine.appspot.com"
  },
  "client": [
    {
      "client_info": {
        "mobilesdk_app_id": "1:873500250535:android:5a5c4549fbda403ed12682",
        "android_client_info": {
          "package_name": "application.example.ayurveda_divine"
        }
      },
      "oauth_client": [
        {
          "client_id": "873500250535-su00fv513hi3g4tqacsoguu5t0tbi4gc.apps.googleusercontent.com",
          "client_type": 3
        }
      ],
      "api_key": [
        {
          "current_key": "AIzaSyAc9udqfVlA_0qecvlg0dHzOemmY3sWKgA"
        }
      ],
      "services": {
        "appinvite_service": {
          "other_platform_oauth_client": [
            {
              "client_id": "873500250535-su00fv513hi3g4tqacsoguu5t0tbi4gc.apps.googleusercontent.com",
              "client_type": 3
            }
          ]
        }
      }
    }
  ],
  "configuration_version": "1"
}